{
  "$comment": "Automatically generated by scripts/boost/generate-ports.ps1",
  "name": "boost-container-hash",
  "version": "1.86.0",
  "description": "Boost container_hash module",
  "homepage": "https://www.boost.org/libs/container_hash",
  "license": "BSL-1.0",
  "dependencies": [
    {
      "name": "boost-cmake",
      "version>=": "1.86.0"
    },
    {
      "name": "boost-config",
      "version>=": "1.86.0"
    },
    {
      "name": "boost-describe",
      "version>=": "1.86.0"
    },
    {
      "name": "boost-headers",
      "version>=": "1.86.0"
    },
    {
      "name": "boost-mp11",
      "version>=": "1.86.0"
    }
  ]
}
