{
  "versions": [
    {
      "git-tree": "0756d92a7a3a3a98295f8d22dd2f1e0ec6e76e4f",
      "version": "1.4.3",
      "port-version": 0
    },
    {
      "git-tree": "c92b5d1be96a53ccc47eddb738e08111b537513f",
      "version": "1.4.0",
      "port-version": 1
    },
    {
      "git-tree": "0349d1196602b2983b1171647b30b5a9379920c6",
      "version": "1.4.0",
      "port-version": 0
    },
    {
      "git-tree": "68bf154a3ecc55fd1ad71ff6773ed3f0c418fbba",
      "version": "1.3.0",
      "port-version": 1
    },
    {
      "git-tree": "99fc7f3cc963cb7a3e567d13f313e5f0dbf46c72",
      "version": "1.3.0",
      "port-version": 0
    },
    {
      "git-tree": "e819aee6d5e62ecd2981c858897773239e66b496",
      "version": "1.2.1",
      "port-version": 0
    },
    {
      "git-tree": "33290c0ea8117f5ba572eaee0a27c0213ec3fe30",
      "version": "1.1.0",
      "port-version": 1
    },
    {
      "git-tree": "2533f95516074908ec446a13ea70f8f8346494e3",
      "version": "1.1.0",
      "port-version": 0
    },
    {
      "git-tree": "3d5a7b193225074fb9ffe0f4ec2acec1086e13a9",
      "version": "1.0.0",
      "port-version": 1
    },
    {
      "git-tree": "728ebed76cd4e2ed1d00fa0adeb04e3bd335ccb6",
      "version": "1.0.0",
      "port-version": 0
    },
    {
      "git-tree": "0c06788e881e79f8c6a169f0f666baf2dc04faa6",
      "version": "0.9.2",
      "port-version": 0
    },
    {
      "git-tree": "d92dfe48dbd557d90d9c216bc5a5a4b9435939c1",
      "version-semver": "0.8.2",
      "port-version": 3
    },
    {
      "git-tree": "d0d3738c56710defd998cb619b649ddf6e43e017",
      "version-semver": "0.8.2",
      "port-version": 2
    },
    {
      "git-tree": "d06178194bfa123b40c146ad161200d3e491f48b",
      "version-semver": "0.8.2",
      "port-version": 1
    },
    {
      "git-tree": "5cf96f43b20ddf0af353ccebe6acbbe34ce97b42",
      "version-semver": "0.8.2",
      "port-version": 0
    },
    {
      "git-tree": "1c30fb68cde7004f37eb289c95fb9823331fe571",
      "version-string": "0.8.1",
      "port-version": 0
    }
  ]
}
