{
  "versions": [
    {
      "git-tree": "94bdc02d1c0ea384086f9d3756da1e19b1c133b4",
      "version-date": "2019-08-05",
      "port-version": 3
    },
    {
      "git-tree": "3494ca270396d5b2f8b496b5fc7b3043a8796069",
      "version-string": "2019-08-05",
      "port-version": 2
    },
    {
      "git-tree": "ef7b9edee49702a3735f18624888b98d249a80ef",
      "version-string": "2019-08-05",
      "port-version": 1
    },
    {
      "git-tree": "e26ed5627995f7e51f34cb8dfe2044397bb4e932",
      "version-string": "2019-08-05",
      "port-version": 0
    }
  ]
}
