{
  "versions": [
    {
      "git-tree": "703f2fc39b6b60af3a301a3db7cbffcd95445e75",
      "version-string": "3.5.2b",
      "port-version": 0
    },
    {
      "git-tree": "ac14ace119d357f555286753afa0bbced4b643e7",
      "version-string": "3.4.1",
      "port-version": 1
    },
    {
      "git-tree": "15c619603ae1ba21211e5dd32887461375dde046",
      "version-string": "3.4.1",
      "port-version": 0
    },
    {
      "git-tree": "9898eb0abde3836b84b1d2ad494171c24b40ebcf",
      "version-string": "2018-08-26-16e6f435-1",
      "port-version": 0
    }
  ]
}
