{
  "versions": [
    {
      "git-tree": "0a23af22ce7047b4caba055c92bb2c7f31571321",
      "version": "11.31",
      "port-version": 3
    },
    {
      "git-tree": "878ebc5ed10a20cb6d6c292e44b6eb7163296a0f",
      "version": "11.31",
      "port-version": 2
    },
    {
      "git-tree": "6f6db537bddc74fb2d3c03d675f96af414d9aea9",
      "version": "11.31",
      "port-version": 1
    },
    {
      "git-tree": "1a390de74f3bb95746d9e2fb6756209ed2a2248a",
      "version": "11.30",
      "port-version": 1
    },
    {
      "git-tree": "b9e805917dad391fd3f6255215800fa2a6230b00",
      "version": "11.30",
      "port-version": 0
    },
    {
      "git-tree": "3fa94b0dfe6b9fabe7953ee06880f764f461821a",
      "version": "11.29",
      "port-version": 0
    },
    {
      "git-tree": "6b3dc36eb04da0286e4e2c5515a07cf7dbda4c03",
      "version": "11.28",
      "port-version": 0
    },
    {
      "git-tree": "5b6c7ea3b64d6446296a16c7ad5f8ebdeb2e9915",
      "version": "11.27",
      "port-version": 0
    },
    {
      "git-tree": "b8f2fd1c9674e75aee3d139934b3980a47b3d0eb",
      "version": "11.26",
      "port-version": 1
    },
    {
      "git-tree": "098b30a228f1d71cfa5b0e21a4c9bf9ade3774e6",
      "version": "11.26",
      "port-version": 0
    },
    {
      "git-tree": "b037faaa0c10a455e68dc219788dcbf2f83aace2",
      "version-string": "11.25",
      "port-version": 0
    },
    {
      "git-tree": "6171a1c44bd4c11d7db922b56ef55c9366fe60af",
      "version-string": "11.14",
      "port-version": 4
    },
    {
      "git-tree": "27f3d4fe979fbc45d132894a80c6712d27be4c49",
      "version-string": "11.14-3",
      "port-version": 0
    },
    {
      "git-tree": "9dfe80f61e8e47b031291160f1e4af01829e3cc7",
      "version-string": "11.14-2",
      "port-version": 0
    },
    {
      "git-tree": "7afae620bf87d9fe9c3f7714f21d9791bd2ed7d3",
      "version-string": "11.14-1",
      "port-version": 0
    },
    {
      "git-tree": "6c83b8b3dcc9d161f468dd699ea5ec10a44f9b75",
      "version-string": "11.14",
      "port-version": 0
    }
  ]
}
