{
  "versions": [
    {
      "git-tree": "c62f882f543760e74e571a2527a9c6050bcf4e91",
      "version-date": "2024-02-22",
      "port-version": 0
    },
    {
      "git-tree": "91fca5269be57b055d067a6012dd79bca6a9dc70",
      "version-date": "2021-11-16",
      "port-version": 3
    },
    {
      "git-tree": "119e620029e0579165590b4656882bd6c3ce297c",
      "version-date": "2021-11-16",
      "port-version": 2
    },
    {
      "git-tree": "ba02b5d9d66b0e227762e6aeac0851fd8fb4314e",
      "version-date": "2021-11-16",
      "port-version": 1
    },
    {
      "git-tree": "f0ec062fd9ed47e9a00f343e15f185e4201e661b",
      "version-date": "2021-11-16",
      "port-version": 0
    }
  ]
}
