{
  "versions": [
    {
      "git-tree": "b9f973889aed3d994bd84da71014effa986eb9c3",
      "version": "3.1.0",
      "port-version": 0
    },
    {
      "git-tree": "13f7806144f0e8ead19a05e5074367543f2254fb",
      "version": "3.0.1.1",
      "port-version": 1
    },
    {
      "git-tree": "917058b3096f3375a29ff9960e4cae4a988655ea",
      "version": "3.0.1.1",
      "port-version": 0
    },
    {
      "git-tree": "572ac6bfc63ddd4a37633aa76f54ff4c8325cb85",
      "version": "3.0.1",
      "port-version": 1
    },
    {
      "git-tree": "2f76c60d16fb75bdbf3bfa08039557bfbe0ff84a",
      "version": "3.0.1",
      "port-version": 0
    }
  ]
}
