{
  "versions": [
    {
      "git-tree": "c53a45159266fe31815e92e69b95d1a9cc479321",
      "version": "1.3.290.0",
      "port-version": 0
    },
    {
      "git-tree": "7008230b1f9b5db1fa58f106e83c63dd16be0166",
      "version": "1.3.280.0",
      "port-version": 0
    },
    {
      "git-tree": "d5abe73f20f44a0d03163eb8fdbd3714f1b57b8a",
      "version": "1.3.275.0",
      "port-version": 1
    },
    {
      "git-tree": "d90089cebfde86dcb2c554b9e45271889503fc36",
      "version": "1.3.268.0",
      "port-version": 1
    },
    {
      "git-tree": "0849291de2e14ef941d30aef9a17e45547329e44",
      "version": "1.3.268.0",
      "port-version": 0
    }
  ]
}
