{
  "versions": [
    {
      "git-tree": "bc9bba0720b8490ec2da60a3c2ae63716442d428",
      "version": "1.3.290.0",
      "port-version": 0
    },
    {
      "git-tree": "72e0414a2e4313cf22f09a6f0fe4116d53caeb9a",
      "version": "1.3.280.0",
      "port-version": 0
    },
    {
      "git-tree": "9e8ff435bcda0de218d540c39c0796a446f6b6fe",
      "version": "1.3.275.0",
      "port-version": 0
    },
    {
      "git-tree": "720b109686183339d148fb303b53abfd128e9ec2",
      "version": "1.3.268.0",
      "port-version": 0
    }
  ]
}
