{
  "versions": [
    {
      "git-tree": "011366189a48953b00cd102fd5267a8dc13392e0",
      "version": "8.0.1",
      "port-version": 7
    },
    {
      "git-tree": "fd038b25552f855f87b2456b8621eb789e7757d2",
      "version": "8.0.1",
      "port-version": 6
    },
    {
      "git-tree": "21cc2f6ab97eed24ec95774335e364a7737c83d2",
      "version": "8.0.1",
      "port-version": 5
    },
    {
      "git-tree": "629d09b4394436b3821f1871eaa6caa27bf04be0",
      "version": "8.0.1",
      "port-version": 4
    },
    {
      "git-tree": "2c1da85e695d3767410b3acf59567da2faf32ea2",
      "version": "8.0.1",
      "port-version": 3
    },
    {
      "git-tree": "34ffe72f88b0fa47c8bf8ad235ed3cf109560f65",
      "version": "8.0.1",
      "port-version": 2
    },
    {
      "git-tree": "edd98363d2569c9ef358506313ce110045708f6a",
      "version": "8.0.1",
      "port-version": 1
    },
    {
      "git-tree": "8fd2208b95f6ebc6f17a30cc79c3b57b1a8bcfb7",
      "version": "8.0.1",
      "port-version": 0
    },
    {
      "git-tree": "e86f7ba9325f53bd43f5713e38d78fba18e7bc1d",
      "version": "2.5",
      "port-version": 2
    },
    {
      "git-tree": "2601a536d9214365148c954f41a6597939a89d7d",
      "version": "2.5",
      "port-version": 1
    },
    {
      "git-tree": "d75f46bbb8d518f326f688d355d5e9d241f44dc6",
      "version": "2.5",
      "port-version": 0
    },
    {
      "git-tree": "27b4e9bc3b747e8c53489a5ef16b85a3f6035504",
      "version": "2.4.3",
      "port-version": 8
    },
    {
      "git-tree": "4af49c54047fc9b315b888d5f51aef8748aba132",
      "version-string": "2.4.3",
      "port-version": 7
    },
    {
      "git-tree": "73c110a8763070c78749ce041eea862716bba72a",
      "version-string": "2.4.3-6",
      "port-version": 0
    },
    {
      "git-tree": "3e59024e040721ab61c27d837f78e9a5119a92d8",
      "version-string": "2.4.3-4",
      "port-version": 0
    },
    {
      "git-tree": "fd2ee1a2603d27429390cc86df76336f911af7ab",
      "version-string": "2.4.3-3",
      "port-version": 0
    },
    {
      "git-tree": "63db933f885df3e5c7fb98008f2820162ed85023",
      "version-string": "2.4.3-2",
      "port-version": 0
    },
    {
      "git-tree": "36e575a97241ad0dc3cdf3c9d2f08d1a67826238",
      "version-string": "2.4.3-1",
      "port-version": 0
    },
    {
      "git-tree": "cc5ee5da5e89b23de1d12406743b9cdef1820395",
      "version-string": "2.4.3",
      "port-version": 0
    }
  ]
}
