{
  "versions": [
    {
      "git-tree": "a622f49155eedd08e32999ae7642251a1f1e30b4",
      "version-date": "2019-09-29",
      "port-version": 3
    },
    {
      "git-tree": "1bf40ce6eb363cb8981612f34fb96c41be4c804a",
      "version-string": "2019-09-29",
      "port-version": 2
    },
    {
      "git-tree": "48feea0350aedda2b2e7470bdb52e3c6b215688a",
      "version-string": "2019-09-29",
      "port-version": 1
    },
    {
      "git-tree": "ce8f1f68bcb55109aabea4ccfb17c3a3cbde5ef2",
      "version-string": "2019-09-29",
      "port-version": 0
    }
  ]
}
