{
  "versions": [
    {
      "git-tree": "a766439c586bae690dfd211fe3acebe13ee70c02",
      "version": "2021.1.2",
      "port-version": 5
    },
    {
      "git-tree": "7c4084ba04dcadc57086603e341b7d74e6926f00",
      "version": "2021.1.2",
      "port-version": 4
    },
    {
      "git-tree": "a8fcd0cdebe6b073993485aba6fa0dd24445f9f5",
      "version": "2021.1.2",
      "port-version": 3
    },
    {
      "git-tree": "04186cc5442b20b27d3a47f901dfd4c7eef16353",
      "version": "2021.1.2",
      "port-version": 2
    },
    {
      "git-tree": "7b540090b50df32e1bdcab5953994590e0fb37bd",
      "version": "2021.1.2",
      "port-version": 1
    },
    {
      "git-tree": "1ea6f971b1824f51c7beed4983f54733b24f1bed",
      "version": "2021.1.2",
      "port-version": 0
    }
  ]
}
