{
  "versions": [
    {
      "git-tree": "67bfd722fb49f35c6a08ca9c1e4e1dea2a53d5df",
      "version": "1.4.3",
      "port-version": 0
    },
    {
      "git-tree": "56cbde1a40c13e9584e62d15f69c2579f6bcd476",
      "version": "1.4.2",
      "port-version": 0
    },
    {
      "git-tree": "4983c367da3c0798e1e0a7b9d8844eeba57c5b97",
      "version": "1.4.1",
      "port-version": 0
    },
    {
      "git-tree": "9c60d4da58f24c63fd92500fcb516adb157cb180",
      "version-string": "1.1",
      "port-version": 0
    }
  ]
}
