{
  "versions": [
    {
      "git-tree": "2c54f504ea29603c2a46be74893d406db0956336",
      "version": "1557.140.5.0.1",
      "port-version": 1
    },
    {
      "git-tree": "da77ffdd863076ef906fa3d5b50e8190f1241a57",
      "version": "1557.140.5.0.1",
      "port-version": 0
    },
    {
      "git-tree": "682a242458b4279dc56aa5111c5c94dc09038c23",
      "version": "878.270.2",
      "port-version": 2
    },
    {
      "git-tree": "3a57c5a00a432c5f54ca26ddf0a1ea7298364e55",
      "version": "878.270.2",
      "port-version": 1
    },
    {
      "git-tree": "0feece31cd1ade61b7f16a0a23880d3b29ad3eb4",
      "version": "878.270.2",
      "port-version": 0
    },
    {
      "git-tree": "a9fb04c2649c37b42f0566c79c795d874d053df6",
      "version-string": "765.30.11",
      "port-version": 4
    },
    {
      "git-tree": "6e48b77ecbfe0e11101526c0ed9b7e798bf66055",
      "version-string": "765.30.11",
      "port-version": 3
    },
    {
      "git-tree": "7f6dd0b8040f0c096665760817567b4231321cb4",
      "version-string": "765.30.11-2",
      "port-version": 0
    },
    {
      "git-tree": "fd16474a00b14d1a53eaf6f5cc47a9b6c4ed4f2d",
      "version-string": "765.30.11-1",
      "port-version": 0
    },
    {
      "git-tree": "1d781c8504bbe47f5c94f0b9b15b6e6429c3d8bb",
      "version-string": "765.30.11",
      "port-version": 0
    }
  ]
}
