{
  "versions": [
    {
      "git-tree": "ffb374d5bca41e19f8bdc69582814e3fc65a93aa",
      "version-date": "2019-12-31",
      "port-version": 3
    },
    {
      "git-tree": "f7818f51e182a651a0b090ea0d315c32b928d7c3",
      "version-string": "2019-12-31",
      "port-version": 2
    },
    {
      "git-tree": "55a786b4bc6d55f353749c06afa40b809ff8c9c4",
      "version-string": "2019-12-31",
      "port-version": 1
    },
    {
      "git-tree": "20dc022d60890deec31c30e530881cf972c15253",
      "version-string": "2019-12-31",
      "port-version": 0
    }
  ]
}
