{
  "versions": [
    {
      "git-tree": "e78930d433356d545a61de55d6a23a6debb704b0",
      "version": "0.0.1",
      "port-version": 3
    },
    {
      "git-tree": "a987e0da7b7b8bee335c9764cf2b8abcc6b68d2a",
      "version": "0.0.1",
      "port-version": 2
    },
    {
      "git-tree": "5ad7af919e311136c6d46434a2a71b5e064a2d67",
      "version": "0.0.1",
      "port-version": 1
    },
    {
      "git-tree": "a01a0e6d38ab404c3ae58d21d734969a089ef82c",
      "version": "0.0.1",
      "port-version": 0
    }
  ]
}
