{
  "versions": [
    {
      "git-tree": "0e2d18fc6010dd23044bade1a855669f8e9c9c86",
      "version": "1.35.1",
      "port-version": 4
    },
    {
      "git-tree": "4372c27465a70b6b113adc8fb69ea86da3c21a3f",
      "version": "1.35.1",
      "port-version": 3
    },
    {
      "git-tree": "07eb6cc5ee276c7e965868d1cb6de113d41e0e41",
      "version": "1.35.1",
      "port-version": 2
    },
    {
      "git-tree": "5d0fd959ef687e9180ea230b8eea4d2f944423a4",
      "version": "1.35.1",
      "port-version": 1
    },
    {
      "git-tree": "5d909c04d7a865922f20c862587019f005a98e21",
      "version": "1.35.1",
      "port-version": 0
    }
  ]
}
