{
  "versions": [
    {
      "git-tree": "d17da931820ec6b21851d8ad62927e33c8afd119",
      "version-date": "2020-10-06",
      "port-version": 3
    },
    {
      "git-tree": "d568c517b4a55fcc8031ae6b7b1d9ccff6682185",
      "version-string": "2020-10-06",
      "port-version": 2
    },
    {
      "git-tree": "28fd852185e2def3476be4d85d4643e1a90204ee",
      "version-string": "2020-10-06",
      "port-version": 1
    },
    {
      "git-tree": "859afcd720d96f2d3eae712a4df2e87c7a0a7723",
      "version-string": "2020-10-06",
      "port-version": 0
    }
  ]
}
