{
  "versions": [
    {
      "git-tree": "fff4dfa412b18aa027005a5ea952932cbf10cd74",
      "version-string": "git-f5ff813",
      "port-version": 5
    },
    {
      "git-tree": "30ad8930ff3b29bd994587b1ff58e5205deb32bc",
      "version-string": "git-f5ff813",
      "port-version": 4
    },
    {
      "git-tree": "a732b3f36cfe52db33d67435daf53f1cc522db8b",
      "version-string": "git-f5ff813-3",
      "port-version": 0
    },
    {
      "git-tree": "5e5046086737308d341c9b81c496ef536da48399",
      "version-string": "git-f5ff813-2",
      "port-version": 0
    },
    {
      "git-tree": "70f6bf880ecf1a616b22b0f7741de62798481ba5",
      "version-string": "git-f5ff813-1",
      "port-version": 0
    },
    {
      "git-tree": "1001ce3b03f61f9f46a552cb6c265845a9d7c600",
      "version-string": "git-f5ff813",
      "port-version": 0
    }
  ]
}
