{
  "versions": [
    {
      "git-tree": "6ffee2f0ff0958105ea47afa647a7903843f7163",
      "version": "10.0.1",
      "port-version": 5
    },
    {
      "git-tree": "92e1bf2cd4c25ce4d4cf529f9b1848973199d3e4",
      "version-string": "10.0.1",
      "port-version": 4
    },
    {
      "git-tree": "11b1cc83a6dfc1cafed531cc20618bb6e8c13f97",
      "version-string": "10.0.1",
      "port-version": 3
    },
    {
      "git-tree": "544617bd9ccb5e12e900533d38c8ce2bb930a3f1",
      "version-string": "10.0.1-2",
      "port-version": 0
    },
    {
      "git-tree": "311f678c5f991107b58fa99f9ba6cdab1d80ae1d",
      "version-string": "10.0.1-1",
      "port-version": 0
    },
    {
      "git-tree": "b96efa6e74251086a707e80106da4dc6525375ed",
      "version-string": "10.0.1",
      "port-version": 0
    }
  ]
}
