{
  "versions": [
    {
      "git-tree": "5fa044c2e3de0da061e78acd5ebbdd9abaa11881",
      "version": "4.0.0",
      "port-version": 3
    },
    {
      "git-tree": "c77c3725f93cfc65ae3882b9f7293ef85e89931b",
      "version-string": "4.0.0",
      "port-version": 2
    },
    {
      "git-tree": "753c7a016925df0630d4d9014ae98cfe34c87c35",
      "version-string": "4.0.0",
      "port-version": 1
    },
    {
      "git-tree": "949f90299960d91f4cfd457a093dd70c5e285782",
      "version-string": "4.0.0",
      "port-version": 0
    },
    {
      "git-tree": "acdac4e47f9b91d7a7dd27aa9689f029fdd43895",
      "version-string": "3.0.0",
      "port-version": 0
    },
    {
      "git-tree": "1d6b2ea7c7c51d460d7b00f5db03ae3fb48af5fb",
      "version-string": "2.0.0",
      "port-version": 0
    }
  ]
}
