{
  "versions": [
    {
      "git-tree": "d612486f81111c3f56a2ac56727dde81fda96f8e",
      "version": "4.2.1",
      "port-version": 0
    },
    {
      "git-tree": "a2163475ac427c02bc7a7c24142b45662d5993cc",
      "version": "4.2.0",
      "port-version": 1
    },
    {
      "git-tree": "843923d6f0b86ada254232a971968923c83bc1b5",
      "version": "4.2.0",
      "port-version": 0
    },
    {
      "git-tree": "e03248f0a54aa99977a77f1a3d7e4be91c1048ec",
      "version": "4.1.1",
      "port-version": 0
    },
    {
      "git-tree": "23e0ddc3c974f7b5b6e70c6be1389ed3d6182e81",
      "version": "4.1.0",
      "port-version": 7
    },
    {
      "git-tree": "0d41295a2963c8db8171724b2456dfaa2ec1a866",
      "version": "4.1.0",
      "port-version": 6
    },
    {
      "git-tree": "39b251ed109ce7a5787fe0e7235f9fe0ce436a09",
      "version": "4.1.0",
      "port-version": 5
    },
    {
      "git-tree": "af50e086428e7b7b1e1e5969a296a770a32ff88d",
      "version": "4.1.0",
      "port-version": 4
    },
    {
      "git-tree": "9f38beb4c3179d0b08008af901d05c2a70afaa1b",
      "version-string": "4.1.0",
      "port-version": 3
    },
    {
      "git-tree": "655c136cd8328e30476ae39a3fd5ff99c915907c",
      "version-string": "4.1.0",
      "port-version": 2
    },
    {
      "git-tree": "54544af431b7f178bc7bbe6604f103c40b7aa93b",
      "version-string": "4.1.0",
      "port-version": 1
    },
    {
      "git-tree": "6cb77c01fbda04c72b1767e3fbd79078bd29895e",
      "version-string": "4.1.0",
      "port-version": 0
    },
    {
      "git-tree": "7eefb0bc78d4e4422f50379f1ccd05f13c3ed8c2",
      "version-string": "4.0.2-2",
      "port-version": 0
    },
    {
      "git-tree": "fc2c7a4c7a71980713500a219c8501e7f9662695",
      "version-string": "4.0.2-1",
      "port-version": 0
    },
    {
      "git-tree": "ba226cf87ef03e64d62b703f670a6a3dca586f98",
      "version-string": "4.0.1",
      "port-version": 0
    },
    {
      "git-tree": "78fc43c69a8dee26f7271682eab37876b9fc0a8b",
      "version-string": "3.1.6-3",
      "port-version": 0
    },
    {
      "git-tree": "9f0187f4046838905689258fe4660a84ce42324b",
      "version-string": "3.1.6-2",
      "port-version": 0
    },
    {
      "git-tree": "f9edf8950aa0bcc80bb2bafbd0383a05ae4de373",
      "version-string": "3.1.6-1",
      "port-version": 0
    },
    {
      "git-tree": "8be5785333992cc870c9b8d6f4ebafaba9c67d41",
      "version-string": "3.1.6",
      "port-version": 0
    },
    {
      "git-tree": "1803812dc76fc401aba673fc04a2d6c2e70949b7",
      "version-string": "3.1.5-1",
      "port-version": 0
    },
    {
      "git-tree": "258b3bc093a74319c644a8108e86f784f6b2a132",
      "version-string": "3.1.5",
      "port-version": 0
    }
  ]
}
