{
  "$comment": "Automatically generated by scripts/boost/generate-ports.ps1",
  "name": "boost-ublas",
  "version": "1.86.0",
  "description": "Boost ublas module",
  "homepage": "https://www.boost.org/libs/numeric/ublas",
  "license": "BSL-1.0",
  "dependencies": [
    {
      "name": "boost-cmake",
      "version>=": "1.86.0"
    },
    {
      "name": "boost-compute",
      "version>=": "1.86.0"
    },
    {
      "name": "boost-concept-check",
      "version>=": "1.86.0"
    },
    {
      "name": "boost-config",
      "version>=": "1.86.0"
    },
    {
      "name": "boost-core",
      "version>=": "1.86.0"
    },
    {
      "name": "boost-headers",
      "version>=": "1.86.0"
    },
    {
      "name": "boost-interval",
      "version>=": "1.86.0"
    },
    {
      "name": "boost-iterator",
      "version>=": "1.86.0"
    },
    {
      "name": "boost-mpl",
      "version>=": "1.86.0"
    },
    {
      "name": "boost-range",
      "version>=": "1.86.0"
    },
    {
      "name": "boost-serialization",
      "version>=": "1.86.0"
    },
    {
      "name": "boost-smart-ptr",
      "version>=": "1.86.0"
    },
    {
      "name": "boost-static-assert",
      "version>=": "1.86.0"
    },
    {
      "name": "boost-type-traits",
      "version>=": "1.86.0"
    },
    {
      "name": "boost-typeof",
      "version>=": "1.86.0"
    }
  ]
}
