{
  "$comment": "Automatically generated by scripts/boost/generate-ports.ps1",
  "name": "boost-iterator",
  "version": "1.86.0",
  "description": "Boost iterator module",
  "homepage": "https://www.boost.org/libs/iterator",
  "license": "BSL-1.0",
  "dependencies": [
    {
      "name": "boost-assert",
      "version>=": "1.86.0"
    },
    {
      "name": "boost-cmake",
      "version>=": "1.86.0"
    },
    {
      "name": "boost-concept-check",
      "version>=": "1.86.0"
    },
    {
      "name": "boost-config",
      "version>=": "1.86.0"
    },
    {
      "name": "boost-core",
      "version>=": "1.86.0"
    },
    {
      "name": "boost-detail",
      "version>=": "1.86.0"
    },
    {
      "name": "boost-function-types",
      "version>=": "1.86.0"
    },
    {
      "name": "boost-fusion",
      "version>=": "1.86.0"
    },
    {
      "name": "boost-headers",
      "version>=": "1.86.0"
    },
    {
      "name": "boost-mpl",
      "version>=": "1.86.0"
    },
    {
      "name": "boost-optional",
      "version>=": "1.86.0"
    },
    {
      "name": "boost-smart-ptr",
      "version>=": "1.86.0"
    },
    {
      "name": "boost-static-assert",
      "version>=": "1.86.0"
    },
    {
      "name": "boost-type-traits",
      "version>=": "1.86.0"
    },
    {
      "name": "boost-utility",
      "version>=": "1.86.0"
    }
  ]
}
