{
  "versions": [
    {
      "git-tree": "ba52e521c1d71e2e1c855913e9a1b437920a9fc9",
      "version-date": "2019-09-23",
      "port-version": 5
    },
    {
      "git-tree": "7b0c7f8295a21f967bfd880956f6d51b98d26874",
      "version-date": "2019-09-23",
      "port-version": 4
    },
    {
      "git-tree": "55a7f3e088fe04ac01f7693c0685770ba865e6ae",
      "version-date": "2019-09-23",
      "port-version": 3
    },
    {
      "git-tree": "bb3bc286985c1be4bb92ab92e45617410726de3c",
      "version-string": "2019-09-23",
      "port-version": 2
    },
    {
      "git-tree": "4d1fa22f0634b118230bfba869eff9c23ceecbc3",
      "version-string": "2019-09-23",
      "port-version": 1
    },
    {
      "git-tree": "13a4e33a01629667f26be71ef251e5d2b9d3e56e",
      "version-string": "2019-09-23",
      "port-version": 0
    }
  ]
}
