{
  "versions": [
    {
      "git-tree": "88e688e729a34f99b0ec4185786fb67fb9fda107",
      "version": "0.3.4",
      "port-version": 0
    },
    {
      "git-tree": "4dc3b1f718f303cda846f07207bc62a4acc6274b",
      "version-date": "2020-05-27",
      "port-version": 2
    },
    {
      "git-tree": "eb37eca3c4891582693eb5a769cf307c60b059ac",
      "version-string": "2020-05-27",
      "port-version": 1
    },
    {
      "git-tree": "d46293c2d3548e9170ec8a0b30cef90cf9638a2c",
      "version-string": "2020-05-27",
      "port-version": 0
    }
  ]
}
