{
  "versions": [
    {
      "git-tree": "66af15410d36dcfe707cfa3ed693e2ad4b8c0a6b",
      "version-date": "2020-07-06",
      "port-version": 0
    },
    {
      "git-tree": "a9d8e3712ada3496381d4a9ec4d8b6eb638f65e8",
      "version-string": "0.0.0",
      "port-version": 1
    },
    {
      "git-tree": "44197d1b2631aa3de246da4cf6e9546a225bf9c2",
      "version-string": "0.0.0",
      "port-version": 0
    },
    {
      "git-tree": "318c934bc14c90e78fa90d29c77b75590a217eea",
      "version-string": "60be62",
      "port-version": 0
    }
  ]
}
