{
  "versions": [
    {
      "git-tree": "63e8a8e2e8c3eaa03617cb6e42e6fc82fae9dc94",
      "version": "6.2.2401",
      "port-version": 2
    },
    {
      "git-tree": "5f32bd93d58e5c5057f30d3564fa0a9b808498d6",
      "version": "6.2.2401",
      "port-version": 1
    },
    {
      "git-tree": "289792b9ef5239988ae4c6a418fadfb59fadda5f",
      "version": "6.2.2401",
      "port-version": 0
    },
    {
      "git-tree": "9d4a861ae09a1f970a8a0e100f63ab46bc601d93",
      "version": "6.2.2307",
      "port-version": 1
    },
    {
      "git-tree": "9326bf9f2364487f83d80a4b594e469db805a511",
      "version": "6.2.2307",
      "port-version": 0
    }
  ]
}
