{
  "versions": [
    {
      "git-tree": "e43102899f719e3a4b81ad428f4ba0273b710147",
      "version": "8.0.3",
      "port-version": 0
    },
    {
      "git-tree": "4e306025f6213b286479afaf20f15ab10c5a9d51",
      "version": "8.0.0",
      "port-version": 0
    },
    {
      "git-tree": "d0dbe0f8de11978aea0148c9474377cdc8e88aaf",
      "version": "7.0.0",
      "port-version": 0
    },
    {
      "git-tree": "267a7f140709e65c5d692a7f3add885021764c25",
      "version": "6.0.5",
      "port-version": 0
    },
    {
      "git-tree": "5b1a7d98ce2c1520bbb370dfc2fcb8c3d704c300",
      "version-date": "2019-12-21",
      "port-version": 2
    },
    {
      "git-tree": "15d7240f68194b95c97bdac0658a1ffce7015f34",
      "version-string": "2019-12-21",
      "port-version": 1
    },
    {
      "git-tree": "ca0380ac4071317e01632a0af40ffacd2ab133fd",
      "version-string": "2019-12-21",
      "port-version": 0
    }
  ]
}
