{
  "versions": [
    {
      "git-tree": "c6861ed0961fec6474085c07b5db71de3fdfa869",
      "version-string": "2018.05.07",
      "port-version": 3
    },
    {
      "git-tree": "de935008898a0cfdb6326baedb7781bcbd5df4e7",
      "version-string": "2018.05.07",
      "port-version": 2
    },
    {
      "git-tree": "f9a56c0cc09fe04a1c98d9d37403c82718ba7e69",
      "version-string": "2018.05.07-1",
      "port-version": 0
    },
    {
      "git-tree": "458c5e159dd6732ba234ed343bbb4147c77d9b4a",
      "version-string": "2018.05.07",
      "port-version": 0
    }
  ]
}
