{
  "versions": [
    {
      "git-tree": "98fea3cd9111ced5710357dee8212e576efd514b",
      "version": "2.1.1",
      "port-version": 1
    },
    {
      "git-tree": "b0256cb272ca0fe86ee427cdd64ad08f41c656b8",
      "version": "2.1.1",
      "port-version": 0
    },
    {
      "git-tree": "cc690326d2976978fc71bb8c0e5a631e6cec0064",
      "version-string": "2.0.6",
      "port-version": 1
    },
    {
      "git-tree": "8aa3ecb4ff8364680fe15c756eb2e8a0fecbc167",
      "version-string": "2.0.6",
      "port-version": 0
    },
    {
      "git-tree": "d420566df44d8d163d5e132c1e0d02a3e80a4d39",
      "version-string": "1.8.2",
      "port-version": 0
    },
    {
      "git-tree": "e049b7f165d81c0c19d3b619e5b72b5fc53c038b",
      "version-string": "1.8.1",
      "port-version": 0
    },
    {
      "git-tree": "3edf7a906a30e46cf045241413ee3bd0b5c7c49a",
      "version-string": "1.7.3.6-1",
      "port-version": 0
    },
    {
      "git-tree": "3a8ca5525f7123c0b7cda6735c84b2362f345944",
      "version-string": "1.7.3.6",
      "port-version": 0
    },
    {
      "git-tree": "eaddae2d1fb5769ecb38e466f45af91af7bc70db",
      "version-string": "1.7.2-1",
      "port-version": 0
    },
    {
      "git-tree": "3dd4919058fb48e17cdc4bfde133202fe892df70",
      "version-string": "1.7.2",
      "port-version": 0
    }
  ]
}
