{
  "versions": [
    {
      "git-tree": "8d782a748c6b9013ca434f77a3c2b1838fce734d",
      "version": "11.3.0",
      "port-version": 0
    },
    {
      "git-tree": "d91d4dcfdca6cb36e7c2235e9a14ccc131ed165e",
      "version": "11.2.0",
      "port-version": 1
    },
    {
      "git-tree": "dc71e4553a59625e8daaf2c3e1d54af1f19a0279",
      "version": "11.2.0",
      "port-version": 0
    },
    {
      "git-tree": "2243fbc97eb5f4ef81fe44e85e449227464cc185",
      "version": "11.1.3",
      "port-version": 0
    },
    {
      "git-tree": "21c416b6bc370248b98485d54aa32960158012ea",
      "version": "11.1.2",
      "port-version": 0
    },
    {
      "git-tree": "d9c2ea298a9427906271b068e123ad8479b9eff4",
      "version-string": "11.1.1",
      "port-version": 0
    },
    {
      "git-tree": "cc4a994ae4c3fc2e3d1e13eb864f5748790e142c",
      "version-string": "11.0.0",
      "port-version": 0
    },
    {
      "git-tree": "46ef025a57c54bc4b21e57d604d0d071128d1b2c",
      "version-string": "10.0.1",
      "port-version": 0
    },
    {
      "git-tree": "1ac5f575a496306df415caf8101269b3cdbbb93f",
      "version-string": "alias",
      "port-version": 0
    },
    {
      "git-tree": "46ef025a57c54bc4b21e57d604d0d071128d1b2c",
      "version-string": "10.0.1",
      "port-version": 0
    }
  ]
}
