{
  "versions": [
    {
      "git-tree": "93c8abd74523ba189511a0846810848b9a0ed9b5",
      "version": "3.99",
      "port-version": 1
    },
    {
      "git-tree": "ea00c7a5c7a405e00c94f4bf162bb5a616c2956c",
      "version": "3.99",
      "port-version": 0
    },
    {
      "git-tree": "4ce5ce6e94d2b9179b2f316bce89214afc31e303",
      "version": "3.98",
      "port-version": 1
    },
    {
      "git-tree": "92c9d14f27941f9b37f719a0a16f571e69dd5c88",
      "version": "3.98",
      "port-version": 0
    },
    {
      "git-tree": "761d0ded1579714c014fed176818feb0b07b953f",
      "version": "3.87",
      "port-version": 2
    },
    {
      "git-tree": "3ee50028600372dc454e15907e4f3168463c5570",
      "version": "3.87",
      "port-version": 1
    },
    {
      "git-tree": "dde235e6a76604d088e7fc8701354fea880c1065",
      "version": "3.87",
      "port-version": 0
    },
    {
      "git-tree": "6256143502011312dc467a9c57f0955617fee6d3",
      "version": "3.78",
      "port-version": 0
    },
    {
      "git-tree": "06e7680df336bb6be816c75e42c6304d11566a3d",
      "version": "3.77",
      "port-version": 0
    },
    {
      "git-tree": "a5eabb67b345be280f94a3615aa3e08886ad4ec7",
      "version": "3.76.1",
      "port-version": 0
    },
    {
      "git-tree": "ffcb42dbcb29e96a2e367dbbe473f447d67f54ce",
      "version": "3.76",
      "port-version": 0
    },
    {
      "git-tree": "96cd78f1c74951c2e623deff9549d776bf4968b5",
      "version": "3.75",
      "port-version": 0
    }
  ]
}
