{
  "versions": [
    {
      "git-tree": "e82e792de63955399c5b96c8ceaef6e66eb6230a",
      "version": "2.12.1",
      "port-version": 2
    },
    {
      "git-tree": "300dfe4a76995143213ee1c14076a13c597f3bea",
      "version": "2.12.1",
      "port-version": 1
    },
    {
      "git-tree": "7a6e04f1febb3a78dbb37c375e8e0b322802c244",
      "version": "2.12.1",
      "port-version": 0
    },
    {
      "git-tree": "aa42201ab3a189b38031fe0d912e3d62e9a44b8f",
      "version": "2.11.0",
      "port-version": 0
    },
    {
      "git-tree": "99f0dc5efa2ee18b46af92901b34426516cf3390",
      "version": "2.10.1",
      "port-version": 0
    },
    {
      "git-tree": "648047125e8e78a10fec23ab02b10037197206a6",
      "version": "2.6.0",
      "port-version": 0
    },
    {
      "git-tree": "9661c913b6651de51f8e3b42be395eaece9b0475",
      "version-string": "2.1.0",
      "port-version": 0
    }
  ]
}
