{
  "versions": [
    {
      "git-tree": "060ff508c132af5317809061a91139e6e99f3fda",
      "version-semver": "5.1.4",
      "port-version": 0
    },
    {
      "git-tree": "a9dfb4c97779fd3bd294df93a76aa309578949c9",
      "version-semver": "5.1.2",
      "port-version": 1
    },
    {
      "git-tree": "6175a848b3c05c1adf0816f1b3b4dd056c12ed40",
      "version-semver": "5.1.2",
      "port-version": 0
    },
    {
      "git-tree": "0daf4a7623ab68c7f706b815dbe29e8f4627668e",
      "version-semver": "5.1.1",
      "port-version": 0
    },
    {
      "git-tree": "5719acdfd3465a7bb3dfac85ce2821c56d7c652a",
      "version-semver": "5.1.0",
      "port-version": 2
    },
    {
      "git-tree": "02475776fc8cc0332efe7e0ea8851872c911de32",
      "version-semver": "5.1.0",
      "port-version": 1
    },
    {
      "git-tree": "53fb93bbc0d441813026ef171e32d7479ab839f3",
      "version-semver": "5.1.0",
      "port-version": 0
    },
    {
      "git-tree": "80e078d3797fd83a92fd3a6d0f59a373e43beadb",
      "version-semver": "5.0.0",
      "port-version": 0
    },
    {
      "git-tree": "97027ba299650a7ef96081bf3a466ac76108593f",
      "version-string": "4.2.0",
      "port-version": 0
    },
    {
      "git-tree": "5d85d2a7be0bb5e452a8e83ea6e299c988bca454",
      "version-string": "4.0.1",
      "port-version": 0
    },
    {
      "git-tree": "dfeff74bbf8adffad877a657158769b2d0ed7b32",
      "version-string": "3.1.1",
      "port-version": 0
    },
    {
      "git-tree": "420826f3ca68d01faf4d63cf1e7d384f0181f98d",
      "version-string": "3.1.0",
      "port-version": 0
    },
    {
      "git-tree": "cf0e4e3af738fbb9a30469427346be38239338b4",
      "version-string": "3.0.0",
      "port-version": 0
    }
  ]
}
