{
  "$comment": "Automatically generated by scripts/boost/generate-ports.ps1",
  "name": "boost-assign",
  "version": "1.86.0",
  "description": "Boost assign module",
  "homepage": "https://www.boost.org/libs/assign",
  "license": "BSL-1.0",
  "dependencies": [
    {
      "name": "boost-array",
      "version>=": "1.86.0"
    },
    {
      "name": "boost-cmake",
      "version>=": "1.86.0"
    },
    {
      "name": "boost-config",
      "version>=": "1.86.0"
    },
    {
      "name": "boost-core",
      "version>=": "1.86.0"
    },
    {
      "name": "boost-headers",
      "version>=": "1.86.0"
    },
    {
      "name": "boost-move",
      "version>=": "1.86.0"
    },
    {
      "name": "boost-preprocessor",
      "version>=": "1.86.0"
    },
    {
      "name": "boost-ptr-container",
      "version>=": "1.86.0"
    },
    {
      "name": "boost-range",
      "version>=": "1.86.0"
    },
    {
      "name": "boost-static-assert",
      "version>=": "1.86.0"
    },
    {
      "name": "boost-throw-exception",
      "version>=": "1.86.0"
    },
    {
      "name": "boost-tuple",
      "version>=": "1.86.0"
    },
    {
      "name": "boost-type-traits",
      "version>=": "1.86.0"
    }
  ]
}
