{
  "$comment": "Automatically generated by scripts/boost/generate-ports.ps1",
  "name": "boost-contract",
  "version": "1.86.0",
  "description": "Boost contract module",
  "homepage": "https://www.boost.org/libs/contract",
  "license": "BSL-1.0",
  "dependencies": [
    {
      "name": "boost-any",
      "version>=": "1.86.0"
    },
    {
      "name": "boost-assert",
      "version>=": "1.86.0"
    },
    {
      "name": "boost-cmake",
      "version>=": "1.86.0"
    },
    {
      "name": "boost-config",
      "version>=": "1.86.0"
    },
    {
      "name": "boost-core",
      "version>=": "1.86.0"
    },
    {
      "name": "boost-exception",
      "version>=": "1.86.0"
    },
    {
      "name": "boost-function",
      "version>=": "1.86.0"
    },
    {
      "name": "boost-function-types",
      "version>=": "1.86.0"
    },
    {
      "name": "boost-headers",
      "version>=": "1.86.0"
    },
    {
      "name": "boost-mpl",
      "version>=": "1.86.0"
    },
    {
      "name": "boost-optional",
      "version>=": "1.86.0"
    },
    {
      "name": "boost-preprocessor",
      "version>=": "1.86.0"
    },
    {
      "name": "boost-smart-ptr",
      "version>=": "1.86.0"
    },
    {
      "name": "boost-static-assert",
      "version>=": "1.86.0"
    },
    {
      "name": "boost-thread",
      "version>=": "1.86.0"
    },
    {
      "name": "boost-type-traits",
      "version>=": "1.86.0"
    },
    {
      "name": "boost-typeof",
      "version>=": "1.86.0"
    },
    {
      "name": "boost-utility",
      "version>=": "1.86.0"
    }
  ]
}
