{
  "$comment": "Automatically generated by scripts/boost/generate-ports.ps1",
  "name": "boost-regex",
  "version": "1.86.0",
  "description": "Boost regex module",
  "homepage": "https://www.boost.org/libs/regex",
  "license": "BSL-1.0",
  "dependencies": [
    {
      "name": "boost-assert",
      "version>=": "1.86.0"
    },
    {
      "name": "boost-cmake",
      "version>=": "1.86.0"
    },
    {
      "name": "boost-concept-check",
      "version>=": "1.86.0"
    },
    {
      "name": "boost-config",
      "version>=": "1.86.0"
    },
    {
      "name": "boost-container-hash",
      "version>=": "1.86.0"
    },
    {
      "name": "boost-core",
      "version>=": "1.86.0"
    },
    {
      "name": "boost-headers",
      "version>=": "1.86.0"
    },
    {
      "name": "boost-integer",
      "version>=": "1.86.0"
    },
    {
      "name": "boost-mpl",
      "version>=": "1.86.0"
    },
    {
      "name": "boost-predef",
      "version>=": "1.86.0"
    },
    {
      "name": "boost-smart-ptr",
      "version>=": "1.86.0"
    },
    {
      "name": "boost-static-assert",
      "version>=": "1.86.0"
    },
    {
      "name": "boost-throw-exception",
      "version>=": "1.86.0"
    },
    {
      "name": "boost-type-traits",
      "version>=": "1.86.0"
    }
  ],
  "features": {
    "icu": {
      "description": "ICU backend for Boost.Regex",
      "dependencies": [
        "icu"
      ]
    }
  }
}
