{
  "versions": [
    {
      "git-tree": "75eaecf85e526c7de535e77ac6da7025c8e4020f",
      "version": "1.4.1",
      "port-version": 1
    },
    {
      "git-tree": "94a9a726c8c2caf64acec0988bd9ad58f57ab5df",
      "version-semver": "1.4.1",
      "port-version": 0
    },
    {
      "git-tree": "56c1a61c82400d285d3d37cf8e20a1f362a0d83f",
      "version": "1.4.0",
      "port-version": 0
    },
    {
      "git-tree": "02453dad9eb5272c445ba8e22c3d1aa3383a1a11",
      "version": "1.3.0",
      "port-version": 0
    },
    {
      "git-tree": "90689fcdbec5631f59725d83ee13c75f9686a2b4",
      "version-date": "2021-04-26",
      "port-version": 0
    },
    {
      "git-tree": "42d95ab20685b00bc64cad1500f559d5b185a3a5",
      "version-string": "2020-09-02",
      "port-version": 0
    }
  ]
}
