{
  "versions": [
    {
      "git-tree": "789017cc9de9b4147df9ccdb2b6b156bf487df1a",
      "version": "1.17.0",
      "port-version": 0
    },
    {
      "git-tree": "573f10694a3f7eb8fbc2ffdfbce1131a76253c3f",
      "version": "1.16.0",
      "port-version": 0
    },
    {
      "git-tree": "01116231bfab30197748230d4125d18fd2652150",
      "version": "1.14.1",
      "port-version": 0
    },
    {
      "git-tree": "b5ffa19fc8b11179434020c69f6c998dd58268ee",
      "version-string": "1.13.1",
      "port-version": 1
    },
    {
      "git-tree": "d65e2e2add7a84fdc29049058d9678c025783123",
      "version-string": "1.13.1",
      "port-version": 0
    },
    {
      "git-tree": "407747ebdcebacdc169b487bc8445eb0ba344aa8",
      "version-string": "1.12.0",
      "port-version": 0
    },
    {
      "git-tree": "187d71d44420931552570a8f4d3ea5114bbb5cdb",
      "version-string": "1.8.1",
      "port-version": 0
    }
  ]
}
