{
  "versions": [
    {
      "git-tree": "f41e983c85004eb6ee8d290ecb2465832fce8c00",
      "version": "0.22.5",
      "port-version": 2
    },
    {
      "git-tree": "ac89519d5ec11430978a4e45619befb7a1c4a062",
      "version": "0.22.5",
      "port-version": 1
    },
    {
      "git-tree": "8a3f80e31783a834e0fdc9d231136651cb2f08b4",
      "version": "0.22.5",
      "port-version": 0
    },
    {
      "git-tree": "b81c3757a4f5b2eb78c45e29d51803e5a3418fdb",
      "version": "0.22.4",
      "port-version": 1
    },
    {
      "git-tree": "003232270da6a899ac59d4e61d7fead638584deb",
      "version": "0.22.4",
      "port-version": 0
    },
    {
      "git-tree": "25450f3473f6c62f28af9702a772d8b48a6170b7",
      "version": "0.21.1",
      "port-version": 1
    },
    {
      "git-tree": "783d7b1a2ddaf29b0f1a2d785ccfbb4a05615667",
      "version": "0.21.1",
      "port-version": 0
    }
  ]
}
