{
  "versions": [
    {
      "git-tree": "cb7cfa3a82651ab27840177189e5dc7938bf1241",
      "version-date": "2019-10-07",
      "port-version": 3
    },
    {
      "git-tree": "e59a73d00ecbf68ae14b61beec141128d8f94612",
      "version-string": "2019-10-07",
      "port-version": 2
    },
    {
      "git-tree": "c411eed077ea98e771d2eda4f985dd4702b33ce2",
      "version-string": "2019-10-07-1",
      "port-version": 0
    },
    {
      "git-tree": "cf6023b8e68b5c131631e70ee914c5049f8b9253",
      "version-string": "2019-10-07",
      "port-version": 0
    },
    {
      "git-tree": "e83f94a2682dbcb029ba64097fd4f6af63c74402",
      "version-string": "4.1.2",
      "port-version": 0
    },
    {
      "git-tree": "02167db8dbc6005bfa1779420c6fb9dd8a4dfb76",
      "version-string": "c-libs-e63e83104b",
      "port-version": 0
    }
  ]
}
