{
  "versions": [
    {
      "git-tree": "a79b7a69f540bf9cd71464cabdfdd5cd67e72072",
      "version-date": "2018-05-31",
      "port-version": 5
    },
    {
      "git-tree": "618626b6f1118dc2c80fa7bd2aae497c0d83b7c1",
      "version-date": "2018-05-31",
      "port-version": 4
    },
    {
      "git-tree": "bbd82479631534cfe954646d63d29734c3b7728f",
      "version-date": "2018-05-31",
      "port-version": 3
    },
    {
      "git-tree": "7786d613957355b4d238d8fd2278f78fbab5a886",
      "version-string": "2018-05-31-2",
      "port-version": 0
    },
    {
      "git-tree": "f91a2109d77a805a788fb153f74cbf9261e8adb8",
      "version-string": "2018-05-31-1",
      "port-version": 0
    },
    {
      "git-tree": "2859fa6238feaf7aeaf00fbc282dc352debdcb28",
      "version-string": "99ed3211",
      "port-version": 0
    },
    {
      "git-tree": "878394b03bdee68ac1343c9385e497efdab0f166",
      "version-string": "8f7f459d",
      "port-version": 0
    }
  ]
}
