{
  "versions": [
    {
      "git-tree": "00933f2c7f77149899b7c69c6d09410fca7f5b1d",
      "version": "5.0",
      "port-version": 3
    },
    {
      "git-tree": "ebfbd1278a8d3e33d1cb52ed7806bf690642ffa6",
      "version": "5.0",
      "port-version": 2
    },
    {
      "git-tree": "4ccc68be5d979b64412919b488ed88b798903ccf",
      "version": "5.0",
      "port-version": 1
    },
    {
      "git-tree": "e1346a1f1cdf3d0b7aa46517ae0f8f0006ac6903",
      "version": "5.0",
      "port-version": 0
    }
  ]
}
