{
  "versions": [
    {
      "git-tree": "6a6752681c05802deba72f718805a5b7ca9c4d3e",
      "version-string": "alias",
      "port-version": 1
    },
    {
      "git-tree": "1dd73203e70438024236fa43f7454d160a16a8ce",
      "version-string": "alias",
      "port-version": 0
    },
    {
      "git-tree": "3c9504519183c5f848c946e65d8b6761cc5d8ad3",
      "version-string": "1.1.0",
      "port-version": 0
    },
    {
      "git-tree": "20ac26bad7571f81d5e20e880e9f1ce94251ea0e",
      "version-string": "0.9.0",
      "port-version": 0
    },
    {
      "git-tree": "814f5c7ede4b9d303d857d6ba96141f2543065e1",
      "version-string": "0.7.0",
      "port-version": 0
    },
    {
      "git-tree": "6577b1af95d86b562a53427d4a0f4a15adbf2023",
      "version-string": "0.5.0",
      "port-version": 0
    },
    {
      "git-tree": "cb7a117efead8e2411205ef913dbb8e113e55829",
      "version-string": "0.3.0",
      "port-version": 0
    }
  ]
}
