{
  "versions": [
    {
      "git-tree": "26b07147ea9d8fe7621f9aacf863c9b7d64c8aed",
      "version": "0.7.0",
      "port-version": 5
    },
    {
      "git-tree": "5c287b09bd2e45e2bb154962cc32510c95c06268",
      "version": "0.7.0",
      "port-version": 4
    },
    {
      "git-tree": "654424cc8d0176569961a4c128fef87478375296",
      "version-string": "0.7.0",
      "port-version": 3
    },
    {
      "git-tree": "1bddecee3cfbfe8826912f0b5de6bdf0b4f1a880",
      "version-string": "0.7.0",
      "port-version": 2
    },
    {
      "git-tree": "24d87a9dc777a9ebd15ec9ff2ab7ade51134c86d",
      "version-string": "0.7.0-1",
      "port-version": 0
    },
    {
      "git-tree": "9a55874be09e976852e74cbc00509fc946676f93",
      "version-string": "0.7.0",
      "port-version": 0
    },
    {
      "git-tree": "b3d5bd161357ca5746bde673117c523092de5aa3",
      "version-string": "v0.7.0",
      "port-version": 0
    }
  ]
}
