{
  "versions": [
    {
      "git-tree": "4a2c53b5715720e68051e3d26bfa56a83b6c8de0",
      "version": "4.14.0",
      "port-version": 1
    },
    {
      "git-tree": "d5ba4a94cd8433f563ba1519395f202d29bd8790",
      "version": "4.14.0",
      "port-version": 0
    },
    {
      "git-tree": "38a496538cd081a8d64d5b2733cb1f2b4fbae559",
      "version": "4.10.5",
      "port-version": 2
    },
    {
      "git-tree": "814624705f6cc11a3468d9c3418bc20521b6b207",
      "version": "4.10.5",
      "port-version": 1
    },
    {
      "git-tree": "1d2910bafafe5342d557621dfb784fab156ae169",
      "version": "4.10.5",
      "port-version": 0
    },
    {
      "git-tree": "a0674344415ac7da9b123e4dedfe61160c4b6d6a",
      "version": "4.10.4",
      "port-version": 2
    },
    {
      "git-tree": "a79d7945c3db191e81a4cc3367efb9972b8df29e",
      "version": "4.10.4",
      "port-version": 1
    },
    {
      "git-tree": "d527905d8bda9bb0f59ab326013dcfc0154613a7",
      "version": "4.10.4",
      "port-version": 0
    },
    {
      "git-tree": "f6542974036eeeb96bcfa2f343a58dc9a07c54b3",
      "version": "4.10.3",
      "port-version": 0
    },
    {
      "git-tree": "416961a907f2f0412d4d59517a904d06b4985ffb",
      "version": "4.10.1",
      "port-version": 0
    },
    {
      "git-tree": "52d572bf77d0fa30174893ca6fe1bf6c17935cb2",
      "version": "4.6.8",
      "port-version": 2
    },
    {
      "git-tree": "cadf0f3efc6e75b1a1978f5c29126ffaf4a75c8c",
      "version": "4.6.8",
      "port-version": 1
    },
    {
      "git-tree": "e9a57d5e92147cebc6e058c9d656b8eda3aa5ea9",
      "version": "4.6.8",
      "port-version": 0
    },
    {
      "git-tree": "4c2e407dc3ecdc258c2f9c0243467c2e87c3529f",
      "version": "4.6.2",
      "port-version": 2
    },
    {
      "git-tree": "d2d59edf9986797558b8abafbff9c913bf4f02ca",
      "version": "4.6.2",
      "port-version": 1
    },
    {
      "git-tree": "00d7796e9bcff96a64e45b977a72129b1dc7be43",
      "version": "4.6.2",
      "port-version": 0
    },
    {
      "git-tree": "ae837c3a08bb71e486641d8b4464c132dbf54464",
      "version": "4.6.0",
      "port-version": 0
    },
    {
      "git-tree": "a7d9e7cccb1be0a50b7b9cfa961adc93bca948fa",
      "version": "4.4.0",
      "port-version": 1
    },
    {
      "git-tree": "1248de2309515809a0a6d6f4a1cdb48f0aca304e",
      "version": "4.4.0",
      "port-version": 0
    },
    {
      "git-tree": "2b9f746a54e5029cc327ecd7ffb1b6d042a478b6",
      "version": "4.3.0",
      "port-version": 0
    },
    {
      "git-tree": "5df8abca385bd61477f2da4217d0a88c3659db82",
      "version": "4.0.1",
      "port-version": 0
    },
    {
      "git-tree": "da7eb978b76a72cf192b98a2740cbfbd23b50bb5",
      "version-string": "3.22.19-4",
      "port-version": 0
    },
    {
      "git-tree": "f31b6257fdf87f1f40905e5556c10037f0038298",
      "version-string": "3.22.19-3",
      "port-version": 0
    },
    {
      "git-tree": "fb7d35a53d85cca046b000fce7e463f7a34d100b",
      "version-string": "3.22.19-2",
      "port-version": 0
    },
    {
      "git-tree": "c53244e6b476fb0e5376c020e4a2830b0410f3c5",
      "version-string": "3.22.19-1",
      "port-version": 0
    },
    {
      "git-tree": "f5f4bb4bb1ccb0785a7b2336684fec9d392f7536",
      "version-string": "3.22.19",
      "port-version": 0
    },
    {
      "git-tree": "f23ca137de531a9653f6bb6d03fe160ec4a3d43d",
      "version-string": "3.22.15",
      "port-version": 0
    },
    {
      "git-tree": "64cf61ca6bbd56f4a2170da7735b77a5aea7af03",
      "version-string": "3.22.14",
      "port-version": 0
    },
    {
      "git-tree": "866096e3e4c4ccc3d3a789f2869b2123c0fc7162",
      "version-string": "3.22.11",
      "port-version": 0
    },
    {
      "git-tree": "64ab7ce404fc0ae42ab2acaf4befdea573e7e1ff",
      "version-string": "3.22.9",
      "port-version": 0
    },
    {
      "git-tree": "d7bbb49cbbefff127fcb42baaf57dad592817d8f",
      "version-string": "3.22.8",
      "port-version": 0
    }
  ]
}
