{
  "versions": [
    {
      "git-tree": "6fac811149df3f29073da85f782f1a65ac5fdb5a",
      "version": "3.0.9",
      "port-version": 1
    },
    {
      "git-tree": "110d7a6bda8678341e931b4b8456e9926dc34e92",
      "version": "3.0.9",
      "port-version": 0
    },
    {
      "git-tree": "ccaa1b9bc0ba4c7397a8f5a05cf99df4c47897d9",
      "version": "3.0.8",
      "port-version": 1
    },
    {
      "git-tree": "1c74041cde8519afb26d9fa588b8d24877d35514",
      "version": "3.0.8",
      "port-version": 0
    }
  ]
}
