{
  "versions": [
    {
      "git-tree": "a226a1e7f8682190fbfb778afe3659b55817e219",
      "version": "0.0.8",
      "port-version": 0
    },
    {
      "git-tree": "8333800cb0daceea8448ca6d20a91a1944b31559",
      "version-date": "2021-09-03",
      "port-version": 2
    },
    {
      "git-tree": "bef8f2cbbb385ec635dbca67e3783496a15cb4a0",
      "version-date": "2021-09-03",
      "port-version": 1
    },
    {
      "git-tree": "46d56e5d20654b04eb3b97cc2ae46b1ae7c07eb9",
      "version-date": "2021-09-03",
      "port-version": 0
    },
    {
      "git-tree": "074fd1696e7c47ef9dce162bfad50572a8d766f1",
      "version-string": "2020-04-26",
      "port-version": 1
    },
    {
      "git-tree": "1e9bdf5a783f1453fd1a4330f42e7e0ca1f07eb7",
      "version-string": "2020-04-26",
      "port-version": 0
    }
  ]
}
