{
  "versions": [
    {
      "git-tree": "47d5e848e2c7213cc67e4dfa6c7797fa973f2c12",
      "version": "4.25.1",
      "port-version": 1
    },
    {
      "git-tree": "3edd5c1f37803c69faaf1b0884791e8c1d8ff48f",
      "version": "4.25.1",
      "port-version": 0
    },
    {
      "git-tree": "1d7a6a503d8e111f919697470e47030cba1172b3",
      "version-date": "2022-06-21",
      "port-version": 1
    },
    {
      "git-tree": "4a5b5306d38f1a58f65c98c236b84ca297501ab1",
      "version-date": "2022-06-21",
      "port-version": 0
    },
    {
      "git-tree": "de1d8718e4ea42428b87f4275352c4f3bbb6ac11",
      "version-date": "2022-04-04",
      "port-version": 0
    },
    {
      "git-tree": "7c61b435b6136ae6539c3991b9f6b81bfd6811dc",
      "version-date": "2021-10-19",
      "port-version": 0
    },
    {
      "git-tree": "df35bcef11c276d5cc7280edeca76eeff3dad223",
      "version-date": "2020-12-19",
      "port-version": 1
    },
    {
      "git-tree": "8c7a75bb8754caa918eddfd0e6f9457834e81f64",
      "version-date": "2020-12-19",
      "port-version": 0
    },
    {
      "git-tree": "f62deabc33313987277b9c9b6fec1498d87f9164",
      "version-string": "2020-08-19",
      "port-version": 0
    },
    {
      "git-tree": "fd13a503a4514b6e1d7b8d130346a4d85c3a2bbe",
      "version-string": "2019-10-21-2",
      "port-version": 0
    },
    {
      "git-tree": "099be2dabf498c93d8b84781d2edc7a681134460",
      "version-string": "2019-10-21-1",
      "port-version": 0
    },
    {
      "git-tree": "7b5e3926c6987d30a92a8feea782a03e2ca69540",
      "version-string": "2019-10-21",
      "port-version": 0
    }
  ]
}
