{
  "$comment": "Automatically generated by scripts/boost/generate-ports.ps1",
  "name": "boost-variant2",
  "version": "1.86.0",
  "description": "Boost variant2 module",
  "homepage": "https://www.boost.org/libs/variant2",
  "license": "BSL-1.0",
  "dependencies": [
    {
      "name": "boost-assert",
      "version>=": "1.86.0"
    },
    {
      "name": "boost-cmake",
      "version>=": "1.86.0"
    },
    {
      "name": "boost-config",
      "version>=": "1.86.0"
    },
    {
      "name": "boost-headers",
      "version>=": "1.86.0"
    },
    {
      "name": "boost-mp11",
      "version>=": "1.86.0"
    }
  ]
}
