{
  "name": "bit7z",
  "version": "4.0.9",
  "port-version": 1,
  "description": "A C++ static library offering a clean and simple interface to the 7-zip shared libraries.",
  "homepage": "https://github.com/rikyoz/bit7z",
  "license": "MPL-2.0",
  "dependencies": [
    "7zip",
    "ghc-filesystem",
    {
      "name": "vcpkg-cmake",
      "host": true
    },
    {
      "name": "vcpkg-cmake-config",
      "host": true
    }
  ],
  "features": {
    "regex-matching": {
      "description": "Enables the support for extracting files matching regular expressions"
    }
  }
}
