<?xml version="1.0"?>
<tools version="2">
    <tool name="python3" os="windows">
        <version>3.11.8</version>
        <exeRelativePath>python.exe</exeRelativePath>
        <url>https://www.python.org/ftp/python/3.11.8/python-3.11.8-embed-win32.zip</url>
        <sha512>c88ef02f0860000dbc59361cfe051e3e8dc7d208ed39bb5bc20a3e8b8711b578926e281a11941787ea61b2ef05b945ab3133322dcb85b916f79ac4ada57f6309</sha512>
        <archiveName>python-3.11.8-embed-win32.zip</archiveName>
    </tool>
    <tool name="python3_with_venv" os="windows">
        <version>3.11.8</version>
        <exeRelativePath>tools\python.exe</exeRelativePath>
        <url>https://www.nuget.org/api/v2/package/python/3.11.8</url>
        <sha512>8c1abd622fb2795fb87ab5208764fe13f7f4d69f2283b4237ea47b7c14b0989b5b4169f1ac1d3b1f417c6c2cc3d85ce151370dae8efc807c93e57cd67fa3c8cf</sha512>
        <archiveName>python-3.11.8.nupkg.zip</archiveName>
    </tool>
    <tool name="cmake" os="windows">
        <version>3.29.2</version>
        <exeRelativePath>cmake-3.29.2-windows-i386/bin/cmake.exe</exeRelativePath>
        <url>https://github.com/Kitware/CMake/releases/download/v3.29.2/cmake-3.29.2-windows-i386.zip</url>
        <sha512>562de7b577c99fe347b00437d14ce375a8e5a60504909cb67d2f73c372d39a2f76d2b42b69e4aeb31a4879e1bcf6f7c2d41f2ace12180ea83ba7af48879d40ab</sha512>
        <archiveName>cmake-3.29.2-windows-i386.zip</archiveName>
    </tool>
    <tool name="cmake" os="osx">
        <version>3.29.2</version>
        <exeRelativePath>cmake-3.29.2-macos-universal/CMake.app/Contents/bin/cmake</exeRelativePath>
        <url>https://github.com/Kitware/CMake/releases/download/v3.29.2/cmake-3.29.2-macos-universal.tar.gz</url>
        <sha512>26aab0163965f3d560dfd6b1f72c5e77192338237ebe286099fd62f243f1bbd4857b9193118386b801c00dc5cfbc5bc8af84814692fcfadcf56c7d2faab52533</sha512>
        <archiveName>cmake-3.29.2-macos-universal.tar.gz</archiveName>
    </tool>
    <tool name="cmake" os="linux">
        <version>3.29.2</version>
        <exeRelativePath>cmake-3.29.2-linux-x86_64/bin/cmake</exeRelativePath>
        <url>https://github.com/Kitware/CMake/releases/download/v3.29.2/cmake-3.29.2-linux-x86_64.tar.gz</url>
        <sha512>d88082d582f1774a3d89efbf3f31a03b08a663c359d603d87ee7c4afd862d4164d2b0b9f0b32cece8efee3acfa86b44214cd4f7606b99b8334183a05d5f06edc</sha512>
        <archiveName>cmake-3.29.2-linux-x86_64.tar.gz</archiveName>
    </tool>
    <tool name="git" os="windows">
        <version>2.7.4</version>
        <exeRelativePath>mingw64\bin\git.exe</exeRelativePath>
        <url>https://github.com/git-for-windows/git/releases/download/v2.43.0.windows.1/PortableGit-2.43.0-64-bit.7z.exe</url>
        <sha512>02ec40f55a6de18f305530e9415b6ce0a597359ebb9a58cf727ac84eceb0003b0f437941b76872b6568157a333c8e6e8d865a36faf874fd5f04774deb6a9387a</sha512>
        <archiveName>PortableGit-2.43.0-32-bit.7z.exe</archiveName>
    </tool>
    <tool name="git" os="linux">
        <version>2.7.4</version>
        <exeRelativePath></exeRelativePath>
        <url></url>
        <sha512></sha512>
    </tool>
    <tool name="git" os="osx">
        <version>2.7.4</version>
        <exeRelativePath></exeRelativePath>
        <url></url>
        <sha512></sha512>
    </tool>
    <tool name="git" os="freebsd">
        <version>2.7.4</version>
        <exeRelativePath></exeRelativePath>
        <url></url>
        <sha512></sha512>
    </tool>
    <tool name="gsutil" os="windows">
        <version>4.65</version>
        <exeRelativePath>google-cloud-sdk\bin\gsutil.cmd</exeRelativePath>
        <url>https://dl.google.com/dl/cloudsdk/channels/rapid/downloads/google-cloud-sdk-347.0.0-windows-x86_64-bundled-python.zip</url>
        <sha512>e2792e17b132aad77f7c0b9fd26faf415e9437923d9227a9e6d253554e6843d29a6ddad0a7fb5e9aea4a130fd4c521e6ece8844fd4a4f9e8d580348775425389</sha512>
        <archiveName>google-cloud-sdk-347.0.0-windows-x86_64-bundled-python.zip</archiveName>
    </tool>
    <tool name="gsutil" os="osx">
        <version>4.65</version>
        <exeRelativePath>gsutil/gsutil</exeRelativePath>
        <url>https://storage.googleapis.com/pub/gsutil_4.65.tar.gz</url>
        <sha512>2c5c9dea48147f97180a491bbb9e24e8cbcd4f3452620e2f80338b781e4dfc90bb754e3bbfa05e1b990e44bff52d990d8c2dd51bc83d112339d8e6096a2f21c8</sha512>
        <archiveName>gsutil_4.65.tar.gz</archiveName>
    </tool>
    <tool name="gsutil" os="linux">
        <version>4.65</version>
        <exeRelativePath>gsutil/gsutil</exeRelativePath>
        <url>https://storage.googleapis.com/pub/gsutil_4.65.tar.gz</url>
        <sha512>2c5c9dea48147f97180a491bbb9e24e8cbcd4f3452620e2f80338b781e4dfc90bb754e3bbfa05e1b990e44bff52d990d8c2dd51bc83d112339d8e6096a2f21c8</sha512>
        <archiveName>gsutil_4.65.tar.gz</archiveName>
    </tool>
    <tool name="vswhere" os="windows">
        <version>3.1.7</version>
        <exeRelativePath>vswhere.exe</exeRelativePath>
        <url>https://github.com/microsoft/vswhere/releases/download/3.1.7/vswhere.exe</url>
        <sha512>40c534eb27f079c15c9782f53f82c12dabfede4d3d85f0edf8a855c2b0d5e12921a96506b37c210beab3c33220f8ff098447ad054e82d8c2603964975fc12076</sha512>
    </tool>
    <tool name="nuget" os="windows">
        <version>6.10.0</version>
        <exeRelativePath>nuget.exe</exeRelativePath>
        <url>https://dist.nuget.org/win-x86-commandline/v6.10.0/nuget.exe</url>
        <sha512>71d7307bb89de2df3811419c561efa00618a4c68e6ce481b0bdfc94c7c6c6d126a54eb26a0015686fabf99f109744ca41fead99e97139cdc86dde16a5ec3e7cf</sha512>
    </tool>
    <tool name="nuget" os="linux">
        <version>6.10.0</version>
        <exeRelativePath>nuget.exe</exeRelativePath>
        <url>https://dist.nuget.org/win-x86-commandline/v6.10.0/nuget.exe</url>
        <sha512>71d7307bb89de2df3811419c561efa00618a4c68e6ce481b0bdfc94c7c6c6d126a54eb26a0015686fabf99f109744ca41fead99e97139cdc86dde16a5ec3e7cf</sha512>
    </tool>
    <tool name="nuget" os="osx">
        <version>6.10.0</version>
        <exeRelativePath>nuget.exe</exeRelativePath>
        <url>https://dist.nuget.org/win-x86-commandline/v6.10.0/nuget.exe</url>
        <sha512>71d7307bb89de2df3811419c561efa00618a4c68e6ce481b0bdfc94c7c6c6d126a54eb26a0015686fabf99f109744ca41fead99e97139cdc86dde16a5ec3e7cf</sha512>
    </tool>
    <tool name="coscli" os="windows">
        <version>0.11.0</version>
        <exeRelativePath>coscli-windows.exe</exeRelativePath>
        <url>https://github.com/tencentyun/coscli/releases/download/v0.11.0-beta/coscli-windows.exe</url>
        <sha512>38a521ec80cdb6944124f4233d7e71eed8cc9f9be2c0c736269915d21c3718ea8131e4516bb6eeada6df331f5fa8f47a299907e50ee9edbe0114444520974d06</sha512>
    </tool>
    <tool name="coscli" os="linux">
        <version>0.11.0</version>
        <exeRelativePath>coscli-linux</exeRelativePath>
        <url>https://github.com/tencentyun/coscli/releases/download/v0.11.0-beta/coscli-linux</url>
        <sha512>9c930a1d308e9581a0e2fdfe3751ea7fe13d6068df90ca6465740ec3eda034202ef71ec54c99e90015ff81aa68aa1489567db5e411e222eb7258704bdac7e924</sha512>
    </tool>
    <tool name="coscli" os="osx">
        <version>0.11.0</version>
        <exeRelativePath>coscli-mac</exeRelativePath>
        <url>https://github.com/tencentyun/coscli/releases/download/v0.11.0-beta/coscli-mac</url>
        <sha512>9556335bfc8bc14bace6dfced45fa77fb07c80f08aa975e047a54efda1d19852aae0ea68a5bc7f04fbd88e3edce5a73512a61216b1c5ff4cade224de4a9ab8db</sha512>
    </tool>
    <tool name="installerbase" os="windows">
        <version>4.4.0</version>
        <exeRelativePath>QtInstallerFramework-win-x86\bin\installerbase.exe</exeRelativePath>
        <url>https://download.qt.io/official_releases/qt-installer-framework/4.4.0/installer-framework-opensource-src-4.4.0.zip</url>
        <sha512>fc713f54bfe2781cb232cd0ae8eddb96833ec178d53a55ec0b01886aa048b13441eb49a1f33282e8eab7259cfe512c890d50b8e632d3dbf501a0bf1fd83de947</sha512>
        <archiveName>installer-framework-opensource-src-4.4.0.zip</archiveName>
    </tool>
    <tool name="7zip_msi" os="windows">
        <version>24.08</version>
        <exeRelativePath>Files\7-Zip\7z.exe</exeRelativePath>
        <url>https://github.com/ip7z/7zip/releases/download/24.08/7z2408-x64.msi</url>
        <sha512>3259bf5e251382333c9d18a3fc01d83491fb41bc4ac4ddb25a02918494594c1074482b6608189a8a89e343d78e34d57420cdeff1d7ace5acfdcaacc8776f1be8</sha512>
        <archiveName>7z2408-x64.msi</archiveName>
    </tool>
    <tool name="7zip" os="windows">
        <version>24.08</version>
        <exeRelativePath>7za.exe</exeRelativePath>
        <url>https://github.com/ip7z/7zip/releases/download/24.08/7z2408-extra.7z</url>
        <sha512>35f55236fccfb576ca014e29d0c35f4a213e53f06683bd2e82f869ed02506e230c8dd623c01d0207244d6a997031f737903456b7ad4a44db1717f0a17a78602e</sha512>
        <archiveName>7z2408-extra.7z</archiveName>
     </tool>
    <tool name="aria2" os="windows">
        <version>1.37.0</version>
        <exeRelativePath>aria2-1.37.0-win-64bit-build1\aria2c.exe</exeRelativePath>
        <url>https://github.com/aria2/aria2/releases/download/release-1.37.0/aria2-1.37.0-win-64bit-build1.zip</url>
        <sha512>6d78405da9cf5639dbe8174787002161b8124d73880fb57cc8c0a3a63982f84e46df4e626990c58f23452965ad925f0d37cb9147e99b25c3d7ca0ea49602f34d</sha512>
        <archiveName>aria2-1.37.0-win-64bit-build1.zip</archiveName>
    </tool>
    <tool name="aria2" os="osx">
        <version>1.35.0</version>
        <exeRelativePath>aria2-1.35.0/bin/aria2c</exeRelativePath>
        <url>https://github.com/aria2/aria2/releases/download/release-1.35.0/aria2-1.35.0-osx-darwin.tar.bz2</url>
        <sha512>3bb32b7d55347d1af37c6f4ebf0e20b38ce51c37a1baf92f7ad1762000539a03413dd679a6d902fdb1805fa71917300c9692aceee012eb06ecdff10491137aec</sha512>
        <archiveName>aria2-1.35.0-osx-darwin.tar.bz2</archiveName>
    </tool>
    <tool name="ninja" os="windows">
        <version>1.11.1</version>
        <exeRelativePath>ninja.exe</exeRelativePath>
        <url>https://github.com/ninja-build/ninja/releases/download/v1.11.1/ninja-win.zip</url>
        <sha512>a700e794c32eb67b9f87040db7f1ba3a8e891636696fc54d416b01661c2421ff46fa517c97fd904adacdf8e621df3e68ea380105b909ae8b6651a78ae7eb3199</sha512>
        <archiveName>ninja-win-1.11.1.zip</archiveName>
    </tool>
    <tool name="ninja" os="linux">
        <version>1.11.1</version>
        <exeRelativePath>ninja</exeRelativePath>
        <url>https://github.com/ninja-build/ninja/releases/download/v1.11.1/ninja-linux.zip</url>
        <sha512>6403dac9196baffcff614fa73ea530752997c8db6bbfbaa0446b4b09d7327e2aa6e8615d1283c961d3bf0df497e85ba86604149f1505ee75f89d600245a45dde</sha512>
        <archiveName>ninja-linux-1.11.1.zip</archiveName>
    </tool>
    <tool name="ninja" os="osx">
        <version>1.11.1</version>
        <exeRelativePath>ninja</exeRelativePath>
        <url>https://github.com/ninja-build/ninja/releases/download/v1.11.1/ninja-mac.zip</url>
        <sha512>dad33b0918c60bbf5107951a936175b1610b4894a408f4ba4b47a2f5b328fc982a52a2aed6a0cb75028ee4765af5083bea66611c37516826eb0c851366bb4427</sha512>
        <archiveName>ninja-mac-1.11.1.zip</archiveName>
    </tool>
    <tool name="powershell-core" os="windows">
        <version>7.2.21</version>
        <exeRelativePath>pwsh.exe</exeRelativePath>
        <url>https://github.com/PowerShell/PowerShell/releases/download/v7.2.21/PowerShell-7.2.21-win-x64.zip</url>
        <sha512>6323c84b4e55982525184948333a1c564bbb421e965cc5c076b1276cd00fe56cec1113f3634d65af6188571ca45da44c5eca6b4acd1f1e80c51142be90067590</sha512>
        <archiveName>PowerShell-7.2.21-win-x64.zip</archiveName>
    </tool>
    <tool name="node" os="windows">
        <version>16.15.1</version>
        <exeRelativePath>node-v16.15.1-win-x64\node.exe</exeRelativePath>
        <url>https://nodejs.org/dist/v16.15.1/node-v16.15.1-win-x64.7z</url>
        <sha512>7ec4bfe2ea6034e1461e306b6372d62c0c5d1060c453ba76a73a5cec38ac26b5952a744caa9071455329caa58eb0a96d26c68854c8915c17610ff27b0cf2c1cf</sha512>
        <archiveName>node-v16.15.1-win-x64.7z</archiveName>
    </tool>
    <tool name="node" os="linux">
        <version>16.15.1</version>
        <exeRelativePath>node-v16.15.1-linux-x64/bin/node</exeRelativePath>
        <url>https://nodejs.org/dist/v16.15.1/node-v16.15.1-linux-x64.tar.gz</url>
        <sha512>5ad3b4b9caeaa8d31503efa99f5a593118a267dec9d4181d019732126ba248ce9a901207115b3f6b899eb5b3f0373c7f77ea95cc92ac625cddf437ee9b8b8919</sha512>
        <archiveName>node-v16.15.1-linux-x64.tar.gz</archiveName>
    </tool>
    <tool name="node" os="osx">
        <version>16.15.1</version>
        <exeRelativePath>node-v16.15.1-darwin-x64/bin/node</exeRelativePath>
        <url>https://nodejs.org/dist/v16.15.1/node-v16.15.1-darwin-x64.tar.gz</url>
        <sha512>90d0612bbe5467b6cf385c91a68b8daad0057e3e0ccacea44567f5b95b14f7481cb79784185ab1463b4bd990e092ff0f9109576d1a1934b84e1c816582929611</sha512>
        <archiveName>node-v16.15.1-darwin-x64.tar.gz</archiveName>
    </tool>
</tools>
