{
  "$comment": "Automatically generated by scripts/boost/generate-ports.ps1",
  "name": "boost-vmd",
  "version": "1.86.0",
  "description": "Boost vmd module",
  "homepage": "https://www.boost.org/libs/vmd",
  "license": "BSL-1.0",
  "dependencies": [
    {
      "name": "boost-cmake",
      "version>=": "1.86.0"
    },
    {
      "name": "boost-config",
      "version>=": "1.86.0"
    },
    {
      "name": "boost-headers",
      "version>=": "1.86.0"
    },
    {
      "name": "boost-preprocessor",
      "version>=": "1.86.0"
    }
  ]
}
