{
  "versions": [
    {
      "git-tree": "e0cb35861057c4523a395d7d9e59f9447ac0b139",
      "version": "1.0.0",
      "port-version": 6
    },
    {
      "git-tree": "931114b0187ebc307e231658525cacfef79345ac",
      "version": "1.0.0",
      "port-version": 5
    },
    {
      "git-tree": "94f6125fdc5c6624c9ca969d62ea8514ab2ed8c0",
      "version": "1.0.0",
      "port-version": 4
    },
    {
      "git-tree": "e874e19b4f9b56647b5be1537ed0792041e96c25",
      "version-string": "1.0.0",
      "port-version": 3
    },
    {
      "git-tree": "a08cd167ddae3c10119b6b513accf0a2fa9d76fa",
      "version-string": "1.0.0",
      "port-version": 2
    },
    {
      "git-tree": "264a4d2a02277ed9bc306bd01abdce3a66d46b63",
      "version-string": "1.0.0-1",
      "port-version": 0
    },
    {
      "git-tree": "d5f6bbbb7546fa2ca8e4d49ccaaaebd456bb0ecf",
      "version-string": "1.0.0",
      "port-version": 0
    }
  ]
}
