{
  "$comment": "Automatically generated by scripts/boost/generate-ports.ps1",
  "name": "boost-throw-exception",
  "version": "1.86.0",
  "description": "Boost throw_exception module",
  "homepage": "https://www.boost.org/libs/throw_exception",
  "license": "BSL-1.0",
  "dependencies": [
    {
      "name": "boost-assert",
      "version>=": "1.86.0"
    },
    {
      "name": "boost-cmake",
      "version>=": "1.86.0"
    },
    {
      "name": "boost-config",
      "version>=": "1.86.0"
    },
    {
      "name": "boost-headers",
      "version>=": "1.86.0"
    }
  ]
}
