{
  "$comment": "Automatically generated by scripts/boost/generate-ports.ps1",
  "name": "boost-poly-collection",
  "version": "1.86.0",
  "description": "Boost poly_collection module",
  "homepage": "https://www.boost.org/libs/poly_collection",
  "license": "BSL-1.0",
  "dependencies": [
    {
      "name": "boost-assert",
      "version>=": "1.86.0"
    },
    {
      "name": "boost-cmake",
      "version>=": "1.86.0"
    },
    {
      "name": "boost-config",
      "version>=": "1.86.0"
    },
    {
      "name": "boost-core",
      "version>=": "1.86.0"
    },
    {
      "name": "boost-headers",
      "version>=": "1.86.0"
    },
    {
      "name": "boost-iterator",
      "version>=": "1.86.0"
    },
    {
      "name": "boost-mp11",
      "version>=": "1.86.0"
    },
    {
      "name": "boost-mpl",
      "version>=": "1.86.0"
    },
    {
      "name": "boost-type-erasure",
      "version>=": "1.86.0"
    },
    {
      "name": "boost-type-traits",
      "version>=": "1.86.0"
    }
  ]
}
