{
  "$comment": "Automatically generated by scripts/boost/generate-ports.ps1",
  "name": "boost-dll",
  "version": "1.86.0",
  "description": "Boost dll module",
  "homepage": "https://www.boost.org/libs/dll",
  "license": "BSL-1.0",
  "dependencies": [
    {
      "name": "boost-assert",
      "version>=": "1.86.0"
    },
    {
      "name": "boost-cmake",
      "version>=": "1.86.0"
    },
    {
      "name": "boost-config",
      "version>=": "1.86.0"
    },
    {
      "name": "boost-core",
      "version>=": "1.86.0"
    },
    {
      "name": "boost-filesystem",
      "version>=": "1.86.0"
    },
    {
      "name": "boost-function",
      "version>=": "1.86.0"
    },
    {
      "name": "boost-headers",
      "version>=": "1.86.0"
    },
    {
      "name": "boost-move",
      "version>=": "1.86.0"
    },
    {
      "name": "boost-predef",
      "version>=": "1.86.0"
    },
    {
      "name": "boost-smart-ptr",
      "version>=": "1.86.0"
    },
    {
      "name": "boost-spirit",
      "version>=": "1.86.0"
    },
    {
      "name": "boost-system",
      "version>=": "1.86.0"
    },
    {
      "name": "boost-throw-exception",
      "version>=": "1.86.0"
    },
    {
      "name": "boost-type-index",
      "version>=": "1.86.0"
    },
    {
      "name": "boost-type-traits",
      "version>=": "1.86.0"
    },
    {
      "name": "boost-winapi",
      "version>=": "1.86.0"
    }
  ]
}
