{
  "$comment": "Automatically generated by scripts/boost/generate-ports.ps1",
  "name": "boost-range",
  "version": "1.86.0",
  "description": "Boost range module",
  "homepage": "https://www.boost.org/libs/range",
  "license": "BSL-1.0",
  "dependencies": [
    {
      "name": "boost-array",
      "version>=": "1.86.0"
    },
    {
      "name": "boost-assert",
      "version>=": "1.86.0"
    },
    {
      "name": "boost-cmake",
      "version>=": "1.86.0"
    },
    {
      "name": "boost-concept-check",
      "version>=": "1.86.0"
    },
    {
      "name": "boost-config",
      "version>=": "1.86.0"
    },
    {
      "name": "boost-container-hash",
      "version>=": "1.86.0"
    },
    {
      "name": "boost-conversion",
      "version>=": "1.86.0"
    },
    {
      "name": "boost-core",
      "version>=": "1.86.0"
    },
    {
      "name": "boost-detail",
      "version>=": "1.86.0"
    },
    {
      "name": "boost-headers",
      "version>=": "1.86.0"
    },
    {
      "name": "boost-iterator",
      "version>=": "1.86.0"
    },
    {
      "name": "boost-mpl",
      "version>=": "1.86.0"
    },
    {
      "name": "boost-optional",
      "version>=": "1.86.0"
    },
    {
      "name": "boost-preprocessor",
      "version>=": "1.86.0"
    },
    {
      "name": "boost-regex",
      "version>=": "1.86.0"
    },
    {
      "name": "boost-static-assert",
      "version>=": "1.86.0"
    },
    {
      "name": "boost-tuple",
      "version>=": "1.86.0"
    },
    {
      "name": "boost-type-traits",
      "version>=": "1.86.0"
    },
    {
      "name": "boost-utility",
      "version>=": "1.86.0"
    }
  ]
}
